1,curtgemelli,Curt,Gemelli,Curt Gemelli,ROLE_ADMIN
2,jobeygladhill,Jobey,Gladhill,Jobey Gladhill,ROLE_USER
3,ethelineffnert,Ethelin,Effnert,Ethelin Effnert,ROLE_ADMIN
4,theadoratrippett,Theadora,Trippett,Theadora Trippett,ROLE_USER
5,christosmuat,Christos,Muat,Christos Muat,ROLE_ADMIN
6,herminaaucoate,Hermina,Aucoate,Hermina Aucoate,ROLE_USER
7,norbiebricham,Norbie,Bricham,Norbie Bricham,ROLE_ADMIN
8,bernardomustchin,Bernardo,Mustchin,Bernardo Mustchin,ROLE_USER
9,rubinle clercq,Rubin,Le Clercq,Rubin Le Clercq,ROLE_ADMIN
10,lauraleemucklo,Lauralee,Mucklo,Lauralee Mucklo,ROLE_USER
